{
    "accuracy": 0.9999546315514876,
    "precision": 0.9999800087961297,
    "recall": 0.9999400287861826,
    "f1_score": 0.9999600183915399,
    "confusion_matrix": [
        [
            38142,
            1
        ],
        [
            3,
            50021
        ]
    ],
    "classification_report": "              precision    recall  f1-score   support\n\n         0.0       1.00      1.00      1.00     38143\n         1.0       1.00      1.00      1.00     50024\n\n    accuracy                           1.00     88167\n   macro avg       1.00      1.00      1.00     88167\nweighted avg       1.00      1.00      1.00     88167\n"
}